{
  "2. Search Record" : {
    "transaction" : "2. Search Record",
    "sampleCount" : 10,
    "errorCount" : 0,
    "errorPct" : 0.0,
    "meanResTime" : 7.0,
    "medianResTime" : 7.0,
    "minResTime" : 6.0,
    "maxResTime" : 8.0,
    "pct1ResTime" : 8.0,
    "pct2ResTime" : 8.0,
    "pct3ResTime" : 8.0,
    "throughput" : 9.057971014492754,
    "receivedKBytesPerSec" : 13.185362884963768,
    "sentKBytesPerSec" : 1.6452955163043477
  },
  "Total" : {
    "transaction" : "Total",
    "sampleCount" : 40,
    "errorCount" : 0,
    "errorPct" : 0.0,
    "meanResTime" : 35.59999999999999,
    "medianResTime" : 28.0,
    "minResTime" : 6.0,
    "maxResTime" : 281.0,
    "pct1ResTime" : 77.9,
    "pct2ResTime" : 82.94999999999999,
    "pct3ResTime" : 281.0,
    "throughput" : 27.700831024930746,
    "receivedKBytesPerSec" : 36.66640516793629,
    "sentKBytesPerSec" : 6.7899497922437675
  },
  "3. Update Record" : {
    "transaction" : "3. Update Record",
    "sampleCount" : 10,
    "errorCount" : 0,
    "errorPct" : 0.0,
    "meanResTime" : 53.2,
    "medianResTime" : 48.5,
    "minResTime" : 27.0,
    "maxResTime" : 83.0,
    "pct1ResTime" : 82.9,
    "pct2ResTime" : 83.0,
    "pct3ResTime" : 83.0,
    "throughput" : 8.880994671403197,
    "receivedKBytesPerSec" : 11.26516013543517,
    "sentKBytesPerSec" : 2.705928063943162
  },
  "4. Delete Record" : {
    "transaction" : "4. Delete Record",
    "sampleCount" : 10,
    "errorCount" : 0,
    "errorPct" : 0.0,
    "meanResTime" : 27.9,
    "medianResTime" : 28.0,
    "minResTime" : 27.0,
    "maxResTime" : 29.0,
    "pct1ResTime" : 29.0,
    "pct2ResTime" : 29.0,
    "pct3ResTime" : 29.0,
    "throughput" : 9.216589861751151,
    "receivedKBytesPerSec" : 10.806091589861751,
    "sentKBytesPerSec" : 1.8721198156682028
  },
  "1. Create a Record" : {
    "transaction" : "1. Create a Record",
    "sampleCount" : 10,
    "errorCount" : 0,
    "errorPct" : 0.0,
    "meanResTime" : 54.3,
    "medianResTime" : 29.0,
    "minResTime" : 27.0,
    "maxResTime" : 281.0,
    "pct1ResTime" : 256.4000000000001,
    "pct2ResTime" : 281.0,
    "pct3ResTime" : 281.0,
    "throughput" : 7.24112961622013,
    "receivedKBytesPerSec" : 10.123438631426502,
    "sentKBytesPerSec" : 2.1072818609703114
  }
}