{
  "2. Search Record" : {
    "transaction" : "2. Search Record",
    "sampleCount" : 15,
    "errorCount" : 0,
    "errorPct" : 0.0,
    "meanResTime" : 20.733333333333334,
    "medianResTime" : 19.0,
    "minResTime" : 14.0,
    "maxResTime" : 36.0,
    "pct1ResTime" : 32.400000000000006,
    "pct2ResTime" : 36.0,
    "pct3ResTime" : 36.0,
    "throughput" : 11.700468018720748,
    "receivedKBytesPerSec" : 17.081464508580343,
    "sentKBytesPerSec" : 2.1252803237129485
  },
  "Total" : {
    "transaction" : "Total",
    "sampleCount" : 60,
    "errorCount" : 0,
    "errorPct" : 0.0,
    "meanResTime" : 31.783333333333335,
    "medianResTime" : 20.5,
    "minResTime" : 14.0,
    "maxResTime" : 610.0,
    "pct1ResTime" : 30.0,
    "pct2ResTime" : 36.949999999999996,
    "pct3ResTime" : 610.0,
    "throughput" : 31.007751937984494,
    "receivedKBytesPerSec" : 40.9984657622739,
    "sentKBytesPerSec" : 7.600532945736434
  },
  "3. Update Record" : {
    "transaction" : "3. Update Record",
    "sampleCount" : 15,
    "errorCount" : 0,
    "errorPct" : 0.0,
    "meanResTime" : 26.4,
    "medianResTime" : 25.0,
    "minResTime" : 18.0,
    "maxResTime" : 38.0,
    "pct1ResTime" : 37.4,
    "pct2ResTime" : 38.0,
    "pct3ResTime" : 38.0,
    "throughput" : 11.682242990654204,
    "receivedKBytesPerSec" : 14.777733158099688,
    "sentKBytesPerSec" : 3.559433411214953
  },
  "4. Delete Record" : {
    "transaction" : "4. Delete Record",
    "sampleCount" : 15,
    "errorCount" : 0,
    "errorPct" : 0.0,
    "meanResTime" : 20.06666666666667,
    "medianResTime" : 20.0,
    "minResTime" : 18.0,
    "maxResTime" : 25.0,
    "pct1ResTime" : 23.200000000000003,
    "pct2ResTime" : 25.0,
    "pct3ResTime" : 25.0,
    "throughput" : 11.829652996845425,
    "receivedKBytesPerSec" : 13.82436662066246,
    "sentKBytesPerSec" : 2.402898264984227
  },
  "1. Create a Record" : {
    "transaction" : "1. Create a Record",
    "sampleCount" : 15,
    "errorCount" : 0,
    "errorPct" : 0.0,
    "meanResTime" : 59.93333333333333,
    "medianResTime" : 20.0,
    "minResTime" : 17.0,
    "maxResTime" : 610.0,
    "pct1ResTime" : 259.0000000000002,
    "pct2ResTime" : 610.0,
    "pct3ResTime" : 610.0,
    "throughput" : 7.982969664715274,
    "receivedKBytesPerSec" : 11.13873736029803,
    "sentKBytesPerSec" : 2.323168906333156
  }
}